benchmark,view_setting,method,policy,task,mean_success_percent,std_across_seeds,policy_seeds,episodes_per_task_per_seed
RLBench,single-view,GNFactor,Perceiver,Push buttons,18.7,10.0,3,25
RLBench,single-view,GNFactor,Perceiver,Meat off grill,57.3,18.9,3,25
RLBench,single-view,GNFactor,Perceiver,Slide block,20.0,15.0,3,25
RLBench,single-view,GNFactor,Perceiver,Drag stick,37.3,13.2,3,25
RLBench,single-view,GNFactor,Perceiver,Sweep to dustpan,28.0,15.0,3,25
RLBench,single-view,GNFactor,Perceiver,Turn tap,50.7,8.2,3,25
RLBench,single-view,GNFactor,Perceiver,Open drawer,76.0,5.7,3,25
RLBench,single-view,GNFactor,Perceiver,Put in drawer,0.0,0.0,3,25
RLBench,single-view,GNFactor,Perceiver,Stack blocks,4.0,3.3,3,25
RLBench,single-view,GNFactor,Perceiver,Close jar,25.3,6.8,3,25
RLBench,single-view,GNFactor,Perceiver,Overall (reported),31.7,,3,25
RLBench,single-view,ManiGaussian,Perceiver,Push buttons,20.4,12.2,3,25
RLBench,single-view,ManiGaussian,Perceiver,Meat off grill,60.2,18.2,3,25
RLBench,single-view,ManiGaussian,Perceiver,Slide block,24.3,12.8,3,25
RLBench,single-view,ManiGaussian,Perceiver,Drag stick,92.3,11.4,3,25
RLBench,single-view,ManiGaussian,Perceiver,Sweep to dustpan,64.5,13.4,3,25
RLBench,single-view,ManiGaussian,Perceiver,Turn tap,56.2,6.8,3,25
RLBench,single-view,ManiGaussian,Perceiver,Open drawer,76.3,6.2,3,25
RLBench,single-view,ManiGaussian,Perceiver,Put in drawer,16.6,3.2,3,25
RLBench,single-view,ManiGaussian,Perceiver,Stack blocks,12.4,3.2,3,25
RLBench,single-view,ManiGaussian,Perceiver,Close jar,28.4,5.4,3,25
RLBench,single-view,ManiGaussian,Perceiver,Overall (reported),45.2,,3,25
RLBench,single-view,VAE-GS,EC-Diffuser,Push buttons,22.3,11.4,3,25
RLBench,single-view,VAE-GS,EC-Diffuser,Meat off grill,58.8,7.9,3,25
RLBench,single-view,VAE-GS,EC-Diffuser,Slide block,25.7,10.9,3,25
RLBench,single-view,VAE-GS,EC-Diffuser,Drag stick,90.6,7.8,3,25
RLBench,single-view,VAE-GS,EC-Diffuser,Sweep to dustpan,46.9,8.1,3,25
RLBench,single-view,VAE-GS,EC-Diffuser,Turn tap,52.5,6.3,3,25
RLBench,single-view,VAE-GS,EC-Diffuser,Open drawer,73.1,5.4,3,25
RLBench,single-view,VAE-GS,EC-Diffuser,Put in drawer,12.1,3.0,3,25
RLBench,single-view,VAE-GS,EC-Diffuser,Stack blocks,8.6,3.0,3,25
RLBench,single-view,VAE-GS,EC-Diffuser,Close jar,29.6,5.0,3,25
RLBench,single-view,VAE-GS,EC-Diffuser,Overall (reported),42.0,,3,25
RLBench,single-view,DLP,EC-Diffuser,Push buttons,36.7,8.9,3,25
RLBench,single-view,DLP,EC-Diffuser,Meat off grill,65.4,4.1,3,25
RLBench,single-view,DLP,EC-Diffuser,Slide block,54.6,5.2,3,25
RLBench,single-view,DLP,EC-Diffuser,Drag stick,93.1,5.5,3,25
RLBench,single-view,DLP,EC-Diffuser,Sweep to dustpan,73.5,7.3,3,25
RLBench,single-view,DLP,EC-Diffuser,Turn tap,36.2,5.8,3,25
RLBench,single-view,DLP,EC-Diffuser,Open drawer,37.8,9.6,3,25
RLBench,single-view,DLP,EC-Diffuser,Put in drawer,30.8,4.7,3,25
RLBench,single-view,DLP,EC-Diffuser,Stack blocks,11.4,4.6,3,25
RLBench,single-view,DLP,EC-Diffuser,Close jar,20.7,4.9,3,25
RLBench,single-view,DLP,EC-Diffuser,Overall (reported),46.6,,3,25
RLBench,single-view,ParticleSplat,EC-Diffuser,Push buttons,57.2,7.1,3,25
RLBench,single-view,ParticleSplat,EC-Diffuser,Meat off grill,76.0,8.4,3,25
RLBench,single-view,ParticleSplat,EC-Diffuser,Slide block,92.3,2.0,3,25
RLBench,single-view,ParticleSplat,EC-Diffuser,Drag stick,96.7,2.5,3,25
RLBench,single-view,ParticleSplat,EC-Diffuser,Sweep to dustpan,90.6,6.9,3,25
RLBench,single-view,ParticleSplat,EC-Diffuser,Turn tap,83.8,4.6,3,25
RLBench,single-view,ParticleSplat,EC-Diffuser,Open drawer,88.4,4.3,3,25
RLBench,single-view,ParticleSplat,EC-Diffuser,Put in drawer,78.4,5.8,3,25
RLBench,single-view,ParticleSplat,EC-Diffuser,Stack blocks,19.4,2.9,3,25
RLBench,single-view,ParticleSplat,EC-Diffuser,Close jar,54.1,4.7,3,25
RLBench,single-view,ParticleSplat,EC-Diffuser,Overall (reported),73.0,,3,25
RLBench,multi-view,VAE-GS,EC-Diffuser,Close jar,34.2,5.6,3,25
RLBench,multi-view,VAE-GS,EC-Diffuser,Open drawer,79.3,6.1,3,25
RLBench,multi-view,VAE-GS,EC-Diffuser,Sweep to dustpan,62.8,7.4,3,25
RLBench,multi-view,VAE-GS,EC-Diffuser,Meat off grill,57.1,8.6,3,25
RLBench,multi-view,VAE-GS,EC-Diffuser,Turn tap,72.9,6.8,3,25
RLBench,multi-view,VAE-GS,EC-Diffuser,Slide block,47.9,11.2,3,25
RLBench,multi-view,VAE-GS,EC-Diffuser,Put in drawer,31.4,3.6,3,25
RLBench,multi-view,VAE-GS,EC-Diffuser,Drag stick,92.1,8.4,3,25
RLBench,multi-view,VAE-GS,EC-Diffuser,Push buttons,39.8,10.7,3,25
RLBench,multi-view,VAE-GS,EC-Diffuser,Stack blocks,9.7,3.5,3,25
RLBench,multi-view,VAE-GS,EC-Diffuser,Overall (reported),52.7,,3,25
RLBench,multi-view,DLP,EC-Diffuser,Close jar,41.7,5.1,3,25
RLBench,multi-view,DLP,EC-Diffuser,Open drawer,63.4,8.7,3,25
RLBench,multi-view,DLP,EC-Diffuser,Sweep to dustpan,83.6,6.9,3,25
RLBench,multi-view,DLP,EC-Diffuser,Meat off grill,66.8,4.5,3,25
RLBench,multi-view,DLP,EC-Diffuser,Turn tap,48.5,6.2,3,25
RLBench,multi-view,DLP,EC-Diffuser,Slide block,69.3,5.6,3,25
RLBench,multi-view,DLP,EC-Diffuser,Put in drawer,56.6,5.1,3,25
RLBench,multi-view,DLP,EC-Diffuser,Drag stick,95.0,5.0,3,25
RLBench,multi-view,DLP,EC-Diffuser,Push buttons,54.1,9.3,3,25
RLBench,multi-view,DLP,EC-Diffuser,Stack blocks,15.2,4.2,3,25
RLBench,multi-view,DLP,EC-Diffuser,Overall (reported),59.4,,3,25
RLBench,multi-view,ParticleSplat,EC-Diffuser,Close jar,82.6,4.3,3,25
RLBench,multi-view,ParticleSplat,EC-Diffuser,Open drawer,91.2,4.9,3,25
RLBench,multi-view,ParticleSplat,EC-Diffuser,Sweep to dustpan,94.1,6.2,3,25
RLBench,multi-view,ParticleSplat,EC-Diffuser,Meat off grill,86.9,7.6,3,25
RLBench,multi-view,ParticleSplat,EC-Diffuser,Turn tap,91.4,4.2,3,25
RLBench,multi-view,ParticleSplat,EC-Diffuser,Slide block,94.2,2.4,3,25
RLBench,multi-view,ParticleSplat,EC-Diffuser,Put in drawer,86.3,6.1,3,25
RLBench,multi-view,ParticleSplat,EC-Diffuser,Drag stick,96.1,2.9,3,25
RLBench,multi-view,ParticleSplat,EC-Diffuser,Push buttons,82.7,6.6,3,25
RLBench,multi-view,ParticleSplat,EC-Diffuser,Stack blocks,24.8,3.2,3,25
RLBench,multi-view,ParticleSplat,EC-Diffuser,Overall (reported),83.0,,3,25
MimicGen,multi-view,DLP,EC-Diffuser,Stack,78.0,2.8,3,50
MimicGen,multi-view,DLP,EC-Diffuser,Stack Three,14.7,6.2,3,50
MimicGen,multi-view,DLP,EC-Diffuser,Square,45.3,10.5,3,50
MimicGen,multi-view,DLP,EC-Diffuser,Threading,45.3,6.8,3,50
MimicGen,multi-view,DLP,EC-Diffuser,Coffee,82.0,2.8,3,50
MimicGen,multi-view,DLP,EC-Diffuser,Three Piece Assembly,29.3,7.7,3,50
MimicGen,multi-view,DLP,EC-Diffuser,Hammer Cleanup,66.7,2.5,3,50
MimicGen,multi-view,DLP,EC-Diffuser,Mug Cleanup,34.7,7.5,3,50
MimicGen,multi-view,DLP,EC-Diffuser,Kitchen,0.0,0.0,3,50
MimicGen,multi-view,DLP,EC-Diffuser,Nut Assembly,8.7,2.5,3,50
MimicGen,multi-view,DLP,EC-Diffuser,Pick Place,4.7,2.5,3,50
MimicGen,multi-view,DLP,EC-Diffuser,Coffee Preparation,0.0,0.0,3,50
MimicGen,multi-view,DLP,EC-Diffuser,Overall (reported),34.1,,3,50
MimicGen,multi-view,3D-DLP,EC-Diffuser,Stack,94.6,0.9,3,50
MimicGen,multi-view,3D-DLP,EC-Diffuser,Stack Three,70.0,1.6,3,50
MimicGen,multi-view,3D-DLP,EC-Diffuser,Square,51.3,0.9,3,50
MimicGen,multi-view,3D-DLP,EC-Diffuser,Threading,36.0,1.6,3,50
MimicGen,multi-view,3D-DLP,EC-Diffuser,Coffee,36.0,1.6,3,50
MimicGen,multi-view,3D-DLP,EC-Diffuser,Three Piece Assembly,38.0,4.0,3,50
MimicGen,multi-view,3D-DLP,EC-Diffuser,Hammer Cleanup,94.6,0.9,3,50
MimicGen,multi-view,3D-DLP,EC-Diffuser,Mug Cleanup,64.0,4.3,3,50
MimicGen,multi-view,3D-DLP,EC-Diffuser,Kitchen,86.7,3.4,3,50
MimicGen,multi-view,3D-DLP,EC-Diffuser,Nut Assembly,6.0,1.6,3,50
MimicGen,multi-view,3D-DLP,EC-Diffuser,Pick Place,0.0,0.0,3,50
MimicGen,multi-view,3D-DLP,EC-Diffuser,Coffee Preparation,0.0,0.0,3,50
MimicGen,multi-view,3D-DLP,EC-Diffuser,Overall (reported),48.1,,3,50
MimicGen,multi-view,EquiDiff,EquiDiff,Stack,82.0,0.0,3,50
MimicGen,multi-view,EquiDiff,EquiDiff,Stack Three,12.7,5.7,3,50
MimicGen,multi-view,EquiDiff,EquiDiff,Square,50.0,2.8,3,50
MimicGen,multi-view,EquiDiff,EquiDiff,Threading,42.0,0.0,3,50
MimicGen,multi-view,EquiDiff,EquiDiff,Coffee,70.7,3.4,3,50
MimicGen,multi-view,EquiDiff,EquiDiff,Three Piece Assembly,31.3,3.7,3,50
MimicGen,multi-view,EquiDiff,EquiDiff,Hammer Cleanup,92.6,3.3,3,50
MimicGen,multi-view,EquiDiff,EquiDiff,Mug Cleanup,34.0,2.8,3,50
MimicGen,multi-view,EquiDiff,EquiDiff,Kitchen,95.0,2.5,3,50
MimicGen,multi-view,EquiDiff,EquiDiff,Nut Assembly,10.7,2.1,3,50
MimicGen,multi-view,EquiDiff,EquiDiff,Pick Place,12.7,2.2,3,50
MimicGen,multi-view,EquiDiff,EquiDiff,Coffee Preparation,34.0,4.9,3,50
MimicGen,multi-view,EquiDiff,EquiDiff,Overall (reported),47.3,,3,50
MimicGen,multi-view,ParticleSplat,EC-Diffuser,Stack,92.7,2.5,3,50
MimicGen,multi-view,ParticleSplat,EC-Diffuser,Stack Three,68.0,4.3,3,50
MimicGen,multi-view,ParticleSplat,EC-Diffuser,Square,58.7,5.0,3,50
MimicGen,multi-view,ParticleSplat,EC-Diffuser,Threading,54.0,4.3,3,50
MimicGen,multi-view,ParticleSplat,EC-Diffuser,Coffee,89.7,3.4,3,50
MimicGen,multi-view,ParticleSplat,EC-Diffuser,Three Piece Assembly,46.7,4.1,3,50
MimicGen,multi-view,ParticleSplat,EC-Diffuser,Hammer Cleanup,90.0,2.8,3,50
MimicGen,multi-view,ParticleSplat,EC-Diffuser,Mug Cleanup,62.0,4.9,3,50
MimicGen,multi-view,ParticleSplat,EC-Diffuser,Kitchen,76.0,5.7,3,50
MimicGen,multi-view,ParticleSplat,EC-Diffuser,Nut Assembly,16.0,3.3,3,50
MimicGen,multi-view,ParticleSplat,EC-Diffuser,Pick Place,12.7,3.4,3,50
MimicGen,multi-view,ParticleSplat,EC-Diffuser,Coffee Preparation,6.7,2.5,3,50
MimicGen,multi-view,ParticleSplat,EC-Diffuser,Overall (reported),56.1,,3,50
